{"metadata":{"asset_id":"54b2a97d-4021-4f33-88c1-923783d43648","asset_attributes":["notebook","location_definition"],"name":"CourseraProject","asset_type":"notebook","created_at":"2025-06-13T08:21:41Z","description":"","origin_country":"us","owner_id":"IBMid-691000RSW4","project_id":"65751123-81a7-4d24-bcfb-12e538205767","size":9923139,"tags":["notebook"],"usage":{"last_update_time":1749814906226,"last_updated_at":"2025-06-13T11:41:46Z"}},"entity":{"notebook":{"kernel":{"name":"python3","display_name":"Python 3.11","language":"python"},"originates_from":{"type":"blank"},"runtime":{"environment":"rt241pys2-65751123-81a7-4d24-bcfb-12e538205767"}},"location_definition":{"physical_location_code":"SYD","physical_location_code_assigned_by":"IBMid-691000RSW4","physical_location_code_rds_id":"c57cb90f-2126-3800-9c9f-9eab82021cdf","physical_location_code_rds_version":"00002025-0613-4073-8456-530149000000_1","physical_location_code_assignment_method":"INFERRED","physical_location_code_added_on":"1749802952381"}},"attachments":[{"id":"2643f467-072d-4171-8971-7ded8baf9701","version":2,"asset_type":"notebook","name":"attachment for notebook 54b2a97d-4021-4f33-88c1-923783d43648","description":"attachment for notebook 54b2a97d-4021-4f33-88c1-923783d43648","mime":"application/json","datasource_type":"193a97c1-4475-4a19-b90c-295c4fdc6517","object_key":"notebook/CourseraProject_EV-ziMMCo.ipynb","creator_id":"IBMid-691000RSW4","create_time":1749802952382,"size":9923139,"is_remote":false,"is_managed":false,"is_referenced":true,"is_object_key_read_only":false,"is_user_provided_path_key":true,"transfer_complete":true,"is_partitioned":false,"complete_time_ticks":1749802952382,"user_data":{},"test_doc":0,"handle":{"bucket":"datascienceproject1-donotdelete-pr-hzbx6akvnxskmf","location":"au-syd","type":"bluemix_cos","key":"notebook/CourseraProject_EV-ziMMCo.ipynb","upload_id":"done","max_part_num":1},"usage":{"access_count":21,"last_accessor_id":"IBMid-691000RSW4","last_access_time":1749814552215,"last_updater_id":"IBMid-691000RSW4","last_update_time":1749814552215}}]}
